{"K": [0.1, 0.2, 0.4], "Fa": [0.8187307577762143, 0.6703201753500971, 0.4493323314834313]}